-- MySQL dump 10.16  Distrib 10.1.28-MariaDB, for Linux (x86_64)
--
-- Host: localhost    Database: musicstore
-- ------------------------------------------------------
-- Server version	10.1.28-MariaDB

/*!40101 SET @OLD_CHARACTER_SET_CLIENT=@@CHARACTER_SET_CLIENT */;
/*!40101 SET @OLD_CHARACTER_SET_RESULTS=@@CHARACTER_SET_RESULTS */;
/*!40101 SET @OLD_COLLATION_CONNECTION=@@COLLATION_CONNECTION */;
/*!40101 SET NAMES utf8 */;
/*!40103 SET @OLD_TIME_ZONE=@@TIME_ZONE */;
/*!40103 SET TIME_ZONE='+00:00' */;
/*!40014 SET @OLD_UNIQUE_CHECKS=@@UNIQUE_CHECKS, UNIQUE_CHECKS=0 */;
/*!40014 SET @OLD_FOREIGN_KEY_CHECKS=@@FOREIGN_KEY_CHECKS, FOREIGN_KEY_CHECKS=0 */;
/*!40101 SET @OLD_SQL_MODE=@@SQL_MODE, SQL_MODE='NO_AUTO_VALUE_ON_ZERO' */;
/*!40111 SET @OLD_SQL_NOTES=@@SQL_NOTES, SQL_NOTES=0 */;

--
-- Current Database: `musicstore`
--

CREATE DATABASE /*!32312 IF NOT EXISTS*/ `musicstore` /*!40100 DEFAULT CHARACTER SET utf8mb4 COLLATE utf8mb4_unicode_ci */;

USE `musicstore`;

--
-- Table structure for table `album`
--

DROP TABLE IF EXISTS `album`;
/*!40101 SET @saved_cs_client     = @@character_set_client */;
/*!40101 SET character_set_client = utf8 */;
CREATE TABLE `album` (
  `album_id` char(32) COLLATE utf8mb4_unicode_ci NOT NULL,
  `album_name` char(50) COLLATE utf8mb4_unicode_ci DEFAULT NULL,
  `artist` char(30) COLLATE utf8mb4_unicode_ci DEFAULT NULL,
  `year` int(11) DEFAULT NULL,
  `album_art` char(80) COLLATE utf8mb4_unicode_ci DEFAULT NULL,
  `artist_art` char(80) COLLATE utf8mb4_unicode_ci DEFAULT NULL,
  PRIMARY KEY (`album_id`)
) ENGINE=InnoDB DEFAULT CHARSET=utf8mb4 COLLATE=utf8mb4_unicode_ci;
/*!40101 SET character_set_client = @saved_cs_client */;

--
-- Dumping data for table `album`
--

LOCK TABLES `album` WRITE;
/*!40000 ALTER TABLE `album` DISABLE KEYS */;
INSERT INTO `album` VALUES ('018223d63ba6306d89f4efe5ff98f0d6','Immortalized','Disturbed',2015,'http://akamai-b.cdn.cddbp.net/cds/2.0/cover/6378/BC6D/771E/AEBB_large_front.jpg','http://akamai-b.cdn.cddbp.net/cds/2.0/image-artist/9BB0/424B/C37E/77E8_large_fro'),('01c25e7712498168834c81cfbea6616e','Despacito','Luis Fonsi',2017,'http://akamai-b.cdn.cddbp.net/cds/2.0/cover/67FF/A812/8D9E/E043_large_front.jpg','http://akamai-b.cdn.cddbp.net/cds/2.0/image-artist/0856/1113/2138/EA46_large_fro'),('021c028657e4943493a0ee3290590b54','Brett Eldredge','Brett Eldredge',2017,'http://akamai-b.cdn.cddbp.net/cds/2.0/cover/273E/24C9/7E11/1E66_large_front.jpg','http://akamai-b.cdn.cddbp.net/cds/2.0/image-artist/4348/0145/641D/89F5_large_fro'),('04c1e01b86564a1af6319bdb9f3cdc0c','Evolve','Imagine Dragons',2017,'http://akamai-b.cdn.cddbp.net/cds/2.0/cover/7158/3EFD/1716/4874_large_front.jpg','http://akamai-b.cdn.cddbp.net/cds/2.0/image-artist/5874/5F20/83A7/01EF_large_fro'),('07b951bc4bae142e34b7934b1d659ab7','Illuminate (Deluxe)','Shawn Mendes',2017,'http://akamai-b.cdn.cddbp.net/cds/2.0/cover/52B7/2D3F/2928/7E54_large_front.jpg',''),('0a4b761bd6fbe8daf1233996e6d5be6a','The Rest Of Our Life [Single]','Tim McGraw & Faith Hill',2017,'http://akamai-b.cdn.cddbp.net/cds/2.0/cover/0C43/2959/4820/C860_large_front.jpg',''),('0d0701bfefb5e2fdec4be3646451ffa7','Rockstar [Single]','Post Malone Feat. 21 Savage',2017,'http://akamai-b.cdn.cddbp.net/cds/2.0/cover/7EDE/1F41/59A5/6874_large_front.jpg',''),('0e1ee396f90d414ca0414ebe89927deb','Back From The Edge','James Arthur',2016,'http://akamai-b.cdn.cddbp.net/cds/2.0/cover/7CB2/7DE6/497E/9450_large_front.jpg','http://akamai-b.cdn.cddbp.net/cds/2.0/image-artist/82E9/3A0A/370C/DD2D_large_fro'),('0e5f7890dd69389bddebc5a96992720f','Butterfly Effect [Single]','Travis Scott',2017,'http://akamai-b.cdn.cddbp.net/cds/2.0/cover/1CBA/18C2/B250/FEB0_large_front.jpg',''),('135173aa1e315393b489e4643bdc834d','California Sunrise','Jon Pardi',2016,'http://akamai-b.cdn.cddbp.net/cds/2.0/cover/C55B/EADB/8DF7/6598_large_front.jpg','http://akamai-b.cdn.cddbp.net/cds/2.0/image-artist/3F2A/2D51/D6FA/F37C_large_fro'),('18aab1698664dd5c9ed81c3c32eac809','Gorgeous','Taylor Swift',2017,'http://akamai-b.cdn.cddbp.net/cds/2.0/cover/C75B/94CB/06CF/C82D_large_front.jpg',''),('1a5bb12496b3cf53a08d88436070521a','Glorious (Featuring Skylar Grey)','Macklemore',2017,'http://akamai-b.cdn.cddbp.net/cds/2.0/cover/0F82/06DD/CC4E/C866_large_front.jpg',''),('1d148e534805032734f2091b2f6b96be','The Weight Of These Wings [Disc 2]','Miranda Lambert',2016,'http://akamai-b.cdn.cddbp.net/cds/2.0/cover/FAB4/D7C7/86FE/6C18_large_front.jpg','http://akamai-b.cdn.cddbp.net/cds/2.0/image-artist/ACB3/8A86/0A23/F07E_large_fro'),('1e31b4c7259ddb6eead574cab47cfd2f','Mr. Misunderstood','Eric Church',2015,'http://akamai-b.cdn.cddbp.net/cds/2.0/cover/FE3D/B19E/2526/6413_large_front.jpg','http://akamai-b.cdn.cddbp.net/cds/2.0/image-artist/77A2/3A25/FF04/D3FC_large_fro'),('21d006c6dbeb1f7963df700b104429d8','Human','RagNBone Man',2017,'http://akamai-b.cdn.cddbp.net/cds/2.0/cover/3530/1565/C191/F8B8_large_front.jpg','http://akamai-b.cdn.cddbp.net/cds/2.0/image-artist/9314/F4FD/46DA/C3CB_large_fro'),('249b1746cf41f23919f6cfcd70e19ca9','How Long [Single]','Charlie Puth',2017,'http://akamai-b.cdn.cddbp.net/cds/2.0/cover/E471/B438/5E17/AB71_large_front.jpg',''),('26edce8e754762277d3dc56aaa99cf7c','All Your Fault: Pt. 2','Bebe Rexha',0,'http://akamai-b.cdn.cddbp.net/cds/2.0/cover/BF08/DC26/B403/8D85_large_front.jpg',''),('2c4387d7e199db6b82eb309e5d59a03c','Current Mood','Dustin Lynch',2017,'http://akamai-b.cdn.cddbp.net/cds/2.0/cover/A549/D7C1/53A1/44CC_large_front.jpg','http://akamai-b.cdn.cddbp.net/cds/2.0/image-artist/2DB9/4FE6/A7F7/32D6_large_fro'),('2c89863e2a6bd641bceaa2f0eac59e68','Rainbow','Kesha',2017,'http://akamai-b.cdn.cddbp.net/cds/2.0/cover/3702/E0F4/456A/CE63_large_front.jpg','http://akamai-b.cdn.cddbp.net/cds/2.0/image-artist/A181/0A35/DAD1/3F86_large_fro'),('31256197c48e4f6ba00b28de69046f19','Kane Brown','Kane Brown',2016,'http://akamai-b.cdn.cddbp.net/cds/2.0/cover/3320/523D/AE98/5F05_large_front.jpg','http://akamai-b.cdn.cddbp.net/cds/2.0/image-artist/D19D/939E/3A82/3CC9_large_fro'),('31a983d75d19cc527e008750a8e6a739','When Was the Last Time','Darius Rucker',2017,'http://akamai-b.cdn.cddbp.net/cds/2.0/cover/51A1/F71F/E5D1/2D8A_large_front.jpg',''),('3844a3f3d997722dab555f99e306e25a','Jump Up, Super Star! [Single]','The Super Mario Players Feat.',2017,'',''),('385157894b257aa2a90cecc828c7e22e','METAL RESISTANCE','BABYMETAL',2016,'http://akamai-b.cdn.cddbp.net/cds/2.0/cover/6062/BE97/B34E/23FF_large_front.jpg',''),('3a884c73431af2984c8230060dcc2a13','Attention [Single]','Charlie Puth',2017,'http://akamai-b.cdn.cddbp.net/cds/2.0/cover/BD78/C743/32C0/8D16_large_front.jpg',''),('422b7b2c583ec4ea0a5cf22cb3451d14','Anywhere [Single]','Rita Ora',2017,'http://akamai-b.cdn.cddbp.net/cds/2.0/cover/840F/CC92/197D/DA28_large_front.jpg',''),('43bb0fd20d155530a79d852f8353d43e','From A Room: Volume 2','Chris Stapleton',2017,'http://akamai-b.cdn.cddbp.net/cds/2.0/cover/E728/0695/C2FF/0A53_large_front.jpg',''),('496dc652bb5e0264831e81268a8ede21','Dig Your Roots','Florida Georgia Line',2016,'http://akamai-b.cdn.cddbp.net/cds/2.0/cover/A7C5/A78D/2732/2CF0_large_front.jpg','http://akamai-b.cdn.cddbp.net/cds/2.0/image-artist/C8AB/C3BA/2877/0755_large_fro'),('49f216aedfcabb8dbc1e6d39b1782e0d','Right in the Night (Fall in Love with Music) (Remi','Jam & Spoon',1993,'',''),('4c814aa29d279f7df6f1d020a1e380f8','Let Me Go (With Alesso, Florida Georgia Line & Wat','Hailee Steinfeld & Alesso',2017,'',''),('4f0295a3551441f48fc7cacb6de449ee','Dua Lipa','Dua Lipa',2017,'http://akamai-b.cdn.cddbp.net/cds/2.0/cover/AD54/E258/C52C/2D6C_large_front.jpg','http://akamai-b.cdn.cddbp.net/cds/2.0/image-artist/8F35/EA43/F72F/6777_large_fro'),('526b08653346d8eae0a8c482afcd2247','Unapologetically','Kelsea Ballerini',2017,'http://akamai-b.cdn.cddbp.net/cds/2.0/cover/F507/15E7/9DC8/70F3_large_front.jpg',''),('56f56b8386601521b263d31ad66f6319','Brett Young','Brett Young',2017,'http://akamai-b.cdn.cddbp.net/cds/2.0/cover/8749/EABA/C033/9AEB_large_front.jpg','http://akamai-b.cdn.cddbp.net/cds/2.0/image-artist/60ED/42EB/B4CB/3528_large_fro'),('58cba6107b6949e554f4b03de52b7c72','I Wont Back Down','Jason Aldean',0,'',''),('595b1702b7e54f2edf22414318f005a6','Ripcord','Keith Urban',2016,'http://akamai-b.cdn.cddbp.net/cds/2.0/cover/D74C/E7EC/C5F1/FB91_large_front.jpg','http://akamai-b.cdn.cddbp.net/cds/2.0/image-artist/A3C1/96AF/A328/1A4E_large_fro'),('5c4a8a42f5d1c60632a2f0ec3bb36d66','Losing Sleep','Chris Young',2017,'http://akamai-b.cdn.cddbp.net/cds/2.0/cover/2DE8/14B1/3199/B296_large_front.jpg',''),('5ce6177084c7b3397af21138091348bd','No Promises (Featuring Demi Lovato)','Cheat Codes',0,'http://akamai-b.cdn.cddbp.net/cds/2.0/cover/E956/9CB1/DAEF/22CB_large_front.jpg',''),('606d2f43781119993f90f1f4cc522871','What Lovers Do (Featuring SZA)','Maroon 5',2017,'http://akamai-b.cdn.cddbp.net/cds/2.0/cover/F764/6709/6E9C/7F07_large_front.jpg',''),('6115aceb492d7b929d2bf0f9a07e3adc','Every Little Thing','Carly Pearce',2017,'http://akamai-b.cdn.cddbp.net/cds/2.0/cover/3EB9/A730/009C/A6F8_large_front.jpg',''),('65840b9a47e98aa33b71e0ceee8f68d0','Cant Stop The Feeling! [Single]','Justin Timberlake',2016,'http://akamai-b.cdn.cddbp.net/cds/2.0/cover/EBAD/80F5/EB60/13E2_large_front.jpg',''),('6897bceb70c52b485534686a695a7aa4','Woodstock','Portugal. The Man',2017,'http://akamai-b.cdn.cddbp.net/cds/2.0/cover/2E6E/4D30/E40D/9088_large_front.jpg','http://akamai-b.cdn.cddbp.net/cds/2.0/image-artist/FD3D/3D28/694C/5F0D_large_fro'),('6a5de9a6e8180cb0e003e083f3cbf393','Everybody','Chris Janson',2017,'http://akamai-b.cdn.cddbp.net/cds/2.0/cover/063C/5B9E/0822/9773_large_front.jpg',''),('702e31b445259b959f069a9bab6ca47e','Beautiful Trauma','P!nk',2017,'http://akamai-b.cdn.cddbp.net/cds/2.0/cover/727F/19DD/3B84/A3AB_large_front.jpg','http://akamai-b.cdn.cddbp.net/cds/2.0/image-artist/A35B/7367/00DF/F0F9_large_fro'),('7162d4583cb65da1c879df3932d18fad','Walk On Water [Single]','30 Seconds To Mars',2017,'http://akamai-b.cdn.cddbp.net/cds/2.0/cover/2123/FCB0/6C2E/94C6_large_front.jpg',''),('75e25b6e3489f7b953c557af552133cf','Strip That Down [Single]','Liam Payne Feat. Quavo',2017,'http://akamai-b.cdn.cddbp.net/cds/2.0/cover/67DA/C561/F216/9796_large_front.jpg',''),('77454e56bf37984b4ac1945ea158401f','The Thrill Of It All','Sam Smith',2017,'http://akamai-b.cdn.cddbp.net/cds/2.0/cover/DCC1/C6D1/5183/7035_large_front.jpg',''),('779de9fb463da74ebcb64d86ab094de1','Extended Play','LANco',2016,'http://akamai-b.cdn.cddbp.net/cds/2.0/cover/23BB/3539/476D/0803_large_front.jpg',''),('7bbeed08c1c6da2973f0f8eeb86d70ac','Yours','Russell Dickerson',2017,'http://akamai-b.cdn.cddbp.net/cds/2.0/cover/9F37/59DA/47F0/ED52_large_front.jpg',''),('7db16e49773ea26201b29bed4c9ecc60','Something Just Like This [Single]','The Chainsmokers & Coldplay',2017,'http://akamai-b.cdn.cddbp.net/cds/2.0/cover/A919/DAAF/F67A/C3B6_large_front.jpg',''),('81c8a8dcbd5315f5509913807f4a4655','Men Amongst Mountains','The Revivalists',2015,'http://akamai-b.cdn.cddbp.net/cds/2.0/cover/A518/1328/2182/BA17_large_front.jpg',''),('8683032ac40be81ce5e9d2aa4027058a','Life Changes','Thomas Rhett',2017,'http://akamai-b.cdn.cddbp.net/cds/2.0/cover/D518/3629/4D98/35DD_large_front.jpg','http://akamai-b.cdn.cddbp.net/cds/2.0/image-artist/6C96/27E8/7A8E/9BD4_large_fro'),('8777992149900f78349626777b023c60','True Believers','Darius Rucker',2013,'http://akamai-b.cdn.cddbp.net/cds/2.0/cover/D6FC/BF59/1A93/9455_large_front.jpg','http://akamai-b.cdn.cddbp.net/cds/2.0/image-artist/18D0/8D50/660B/6054_large_fro'),('87a0bb06492b1af2fc236712cfc789a7','Hopeless Fountain Kingdom','Halsey',2017,'http://akamai-b.cdn.cddbp.net/cds/2.0/cover/1383/B46D/5950/80F0_large_front.jpg','http://akamai-b.cdn.cddbp.net/cds/2.0/image-artist/C80C/7BFF/2CA0/A439_large_fro'),('88b881cf46966d24d19ab155a05628f2','Mi Gente [Single]','J Balvin & Willy William',2017,'http://akamai-b.cdn.cddbp.net/cds/2.0/cover/79A0/64BF/FD58/F316_large_front.jpg',''),('8ef312ec83b5dc0fe6c3245f69e9d603','x','Ed Sheeran',2014,'http://akamai-b.cdn.cddbp.net/cds/2.0/cover/4885/44A2/7764/4290_large_front.jpg','http://akamai-b.cdn.cddbp.net/cds/2.0/image-artist/E7B4/94EC/F57E/BF6B_large_fro'),('920b03ae4df4a59fdda63a92d8ab048c','Up Down (Featuring Florida Georgia Line)','Morgan Wallen',2017,'http://akamai-b.cdn.cddbp.net/cds/2.0/cover/FC7C/7DC5/221B/7A19_large_front.jpg',''),('92207f46d5efe4ebb5abff8fa86c8824','...Ready For It? [Single]','Taylor Swift',2017,'http://akamai-b.cdn.cddbp.net/cds/2.0/cover/C763/30DE/4C89/B208_large_front.jpg',''),('9a2487308837e20f5e54192aea08e4ba','From A Room: Volume 1','Chris Stapleton',2017,'http://akamai-b.cdn.cddbp.net/cds/2.0/cover/A921/A005/7C0A/4ED0_large_front.jpg','http://akamai-b.cdn.cddbp.net/cds/2.0/image-artist/C3EA/07B1/F0BB/5B17_large_fro'),('9c96289486fa0b4557a7074d94488f03','Cheers To The Fall','Andra Day',2015,'http://akamai-b.cdn.cddbp.net/cds/2.0/cover/D82B/55EF/D7FD/00EA_large_front.jpg','http://akamai-b.cdn.cddbp.net/cds/2.0/image-artist/48AE/0A07/C912/96FA_large_fro'),('a39648063829bd056c5fd4b042c2cb38','This Ones For You','Luke Combs',2017,'http://akamai-b.cdn.cddbp.net/cds/2.0/cover/70C4/14A8/77BD/E3FE_large_front.jpg',''),('a438f6d33dfcb708bebc7ab75a6275e5','Love So Soft [Single]','Kelly Clarkson',2017,'http://akamai-b.cdn.cddbp.net/cds/2.0/cover/5C75/FF46/30EF/5E74_large_front.jpg',''),('a713268bb69222ed0b00d5e40c6bf385','American Teen','Khalid',2017,'http://akamai-b.cdn.cddbp.net/cds/2.0/cover/2B12/B4D4/AA41/BFCA_large_front.jpg',''),('a7b3d00b237dc090fabc84c7f130bce4','You Broke Up With Me [Single]','Walker Hayes',2017,'http://akamai-b.cdn.cddbp.net/cds/2.0/cover/7E1B/9D75/938B/C745_large_front.jpg',''),('ae963794c157e726a49378014fc046fb','Light It Up','Luke Bryan',2017,'http://akamai-b.cdn.cddbp.net/cds/2.0/cover/4B99/FA9D/10FE/A9E7_large_front.jpg',''),('b4c9a20f89d63e31c38cdb271be82e69','Bedroom Floor [Single]','Liam Payne',2017,'http://akamai-b.cdn.cddbp.net/cds/2.0/cover/F24B/89A3/EFC4/ABC0_large_front.jpg',''),('b67e2152e60108792e7f8688afe0efba','Good Old Days (Featuring Kesha)','Macklemore',0,'http://akamai-b.cdn.cddbp.net/cds/2.0/cover/B9EE/6548/BFC8/06C7_large_front.jpg',''),('b6e23c341c41a8e8002e9b4974791907','TWERK EM ALL','V',2014,'',''),('be928d5dd8df573f107f2486409370cd','Meaning Of Life [Single]','Kelly Clarkson',2017,'http://akamai-b.cdn.cddbp.net/cds/2.0/cover/5C75/FF46/30EF/5E74_large_front.jpg',''),('c27881f23a35f9eca194c75c2dfbe4a5','Sebastien Grainger & The Mountains','Sebastien Grainger',2008,'http://akamai-b.cdn.cddbp.net/cds/2.0/cover/3531/1A08/FB64/7B96_large_front.jpg',''),('c290352d3ed345f830e75e9551599f88','Havana [Single]','Camila Cabello Feat. Young Thu',2017,'http://akamai-b.cdn.cddbp.net/cds/2.0/cover/9D16/02B4/24F0/E706_large_front.jpg',''),('c4442df034d54cf09c9c6189295c6878','Tell Me You Love Me','Demi Lovato',2017,'http://akamai-b.cdn.cddbp.net/cds/2.0/cover/6394/DF3C/65F9/6DC2_large_front.jpg','http://akamai-b.cdn.cddbp.net/cds/2.0/image-artist/76DF/0474/AFED/2539_large_fro'),('c5bb642e6cedacfb7582193f606144f3','NOW Thats What I Call Music! 97 [Disc 1]','Various Artists',2017,'http://akamai-b.cdn.cddbp.net/cds/2.0/cover/02F1/F953/5340/DD4F_large_front.jpg',''),('d010c6e6758b0e55a71373351af07758','Bodak Yellow [Single]','Cardi B',2017,'http://akamai-b.cdn.cddbp.net/cds/2.0/cover/0C91/6075/2FB3/E3F9_large_front.jpg',''),('d3eda3091dd4060db9dacf642c7e6494','Boy [Single]','Lee Brice',2017,'http://akamai-b.cdn.cddbp.net/cds/2.0/cover/41AF/EC20/DA30/54BC_large_front.jpg',''),('d5464825ed438c55edf63b190f9890f6','Flicker','Niall Horan',2017,'http://akamai-b.cdn.cddbp.net/cds/2.0/cover/9C74/50B6/E1C3/8394_large_front.jpg',''),('d773e325abc2470eb1dbe7d5c830b406','  [Deluxe]','Ed Sheeran',2017,'http://akamai-b.cdn.cddbp.net/cds/2.0/cover/90B5/DEC8/3F5B/7E83_large_front.jpg','http://akamai-b.cdn.cddbp.net/cds/2.0/image-artist/E7B4/94EC/F57E/BF6B_large_fro'),('d9b0c14bcd5acb28500a8e11f173203c','Traveller','Chris Stapleton',2015,'http://akamai-b.cdn.cddbp.net/cds/2.0/cover/8452/8F9F/CEF1/FC15_large_front.jpg','http://akamai-b.cdn.cddbp.net/cds/2.0/image-artist/C3EA/07B1/F0BB/5B17_large_fro'),('e0b7b007734547fb3a550d156fbfac8a','24K Magic','Bruno Mars',2016,'http://akamai-b.cdn.cddbp.net/cds/2.0/cover/B1A0/A9B4/13B6/E0D2_large_front.jpg','http://akamai-b.cdn.cddbp.net/cds/2.0/image-artist/1EED/C8FE/E50D/B5DB_large_fro'),('e1f58ff18683cd69b651c3b17d77249a','Ill Name The Dogs [Single]','Blake Shelton',2017,'http://akamai-b.cdn.cddbp.net/cds/2.0/cover/B048/8EE8/8C88/D7A1_large_front.jpg',''),('ed521648be1ed70ceb60b68de40e1ac0','Look What You Made Me Do [Single]','Taylor Swift',2017,'http://akamai-b.cdn.cddbp.net/cds/2.0/cover/FB22/0DAA/4BBD/E903_large_front.jpg',''),('f41286761ebfe1fd95d202d612d41a90','Hero','Maren Morris',2016,'http://akamai-b.cdn.cddbp.net/cds/2.0/cover/21D9/7F92/3519/AB1A_large_front.jpg','http://akamai-b.cdn.cddbp.net/cds/2.0/image-artist/8870/F72D/6009/7091_large_fro'),('fa2f450ebd88e12cf4dd3fb4078a723d','Body Like A Back Road [Single]','Sam Hunt',2017,'http://akamai-b.cdn.cddbp.net/cds/2.0/cover/88AB/1CD8/83EB/C777_large_front.jpg','');
/*!40000 ALTER TABLE `album` ENABLE KEYS */;
UNLOCK TABLES;

--
-- Table structure for table `cart`
--

DROP TABLE IF EXISTS `cart`;
/*!40101 SET @saved_cs_client     = @@character_set_client */;
/*!40101 SET character_set_client = utf8 */;
CREATE TABLE `cart` (
  `uname` char(10) COLLATE utf8mb4_unicode_ci NOT NULL,
  `track_id` char(32) COLLATE utf8mb4_unicode_ci NOT NULL,
  PRIMARY KEY (`uname`,`track_id`),
  CONSTRAINT `cart_ibfk_1` FOREIGN KEY (`uname`) REFERENCES `user` (`uname`)
) ENGINE=InnoDB DEFAULT CHARSET=utf8mb4 COLLATE=utf8mb4_unicode_ci;
/*!40101 SET character_set_client = @saved_cs_client */;

--
-- Dumping data for table `cart`
--

LOCK TABLES `cart` WRITE;
/*!40000 ALTER TABLE `cart` DISABLE KEYS */;
INSERT INTO `cart` VALUES ('user','0580fc86e15b33ab7fc65d698e41c4a0');
/*!40000 ALTER TABLE `cart` ENABLE KEYS */;
UNLOCK TABLES;

--
-- Table structure for table `genre`
--

DROP TABLE IF EXISTS `genre`;
/*!40101 SET @saved_cs_client     = @@character_set_client */;
/*!40101 SET character_set_client = utf8 */;
CREATE TABLE `genre` (
  `track_id` char(32) COLLATE utf8mb4_unicode_ci DEFAULT NULL,
  `genre` char(50) COLLATE utf8mb4_unicode_ci DEFAULT NULL,
  KEY `track_id` (`track_id`),
  CONSTRAINT `genre_ibfk_1` FOREIGN KEY (`track_id`) REFERENCES `track` (`track_id`)
) ENGINE=InnoDB DEFAULT CHARSET=utf8mb4 COLLATE=utf8mb4_unicode_ci;
/*!40101 SET character_set_client = @saved_cs_client */;

--
-- Dumping data for table `genre`
--

LOCK TABLES `genre` WRITE;
/*!40000 ALTER TABLE `genre` DISABLE KEYS */;
INSERT INTO `genre` VALUES ('41ebd43b9c4b4a75e862173ab6f21e16','alternative & punk'),('41ebd43b9c4b4a75e862173ab6f21e16','indie pop'),('41ebd43b9c4b4a75e862173ab6f21e16','indie rock'),('18aab1698664dd5c9ed81c3c32eac809','pop'),('18aab1698664dd5c9ed81c3c32eac809','adult alternative pop'),('18aab1698664dd5c9ed81c3c32eac809','western pop'),('3c7b6987bb2e66ac8f3c0c10a0130518','pop'),('3c7b6987bb2e66ac8f3c0c10a0130518','adult alternative pop'),('3c7b6987bb2e66ac8f3c0c10a0130518','western pop'),('6f9c85e9bb22795f317ad8c6a97d4922','urban'),('6f9c85e9bb22795f317ad8c6a97d4922','urban crossover'),('6f9c85e9bb22795f317ad8c6a97d4922','contemporary r&b/soul'),('bf794d135b5a7c41542a65e6e13262d3','alternative & punk'),('bf794d135b5a7c41542a65e6e13262d3','general indie rock'),('bf794d135b5a7c41542a65e6e13262d3','indie rock'),('606d2f43781119993f90f1f4cc522871','pop'),('606d2f43781119993f90f1f4cc522871','adult alternative pop'),('606d2f43781119993f90f1f4cc522871','western pop'),('e3d64c16949ca20548118cf05798de16','pop'),('e3d64c16949ca20548118cf05798de16','adult alternative pop'),('e3d64c16949ca20548118cf05798de16','western pop'),('a7a937fa9755d13d7b14560979bb615c','electronica'),('a7a937fa9755d13d7b14560979bb615c','pop electronica'),('a7a937fa9755d13d7b14560979bb615c','electronica mainstream'),('fa14ef2f1292e01f9ea0b175eaa8d34a','alternative & punk'),('fa14ef2f1292e01f9ea0b175eaa8d34a','indie pop'),('fa14ef2f1292e01f9ea0b175eaa8d34a','indie rock'),('b28f5e1149c65ade0d6b0e86950535a2','urban'),('b28f5e1149c65ade0d6b0e86950535a2','neo-soul'),('b28f5e1149c65ade0d6b0e86950535a2','contemporary r&b/soul'),('d8cfb2bc3a748a4fa66c2aab2944147b','pop'),('d8cfb2bc3a748a4fa66c2aab2944147b','dance pop'),('d8cfb2bc3a748a4fa66c2aab2944147b','western pop'),('ccd9ef7855a1d37470c6001e5692ef5c','pop'),('ccd9ef7855a1d37470c6001e5692ef5c','adult alternative pop'),('ccd9ef7855a1d37470c6001e5692ef5c','western pop'),('1106f8ab3ebfa9318c5da72fb92e8b14','traditional'),('1106f8ab3ebfa9318c5da72fb92e8b14','contemporary country'),('1106f8ab3ebfa9318c5da72fb92e8b14','country'),('71c2d449fefb244bfde47c2f35755f1e','traditional'),('71c2d449fefb244bfde47c2f35755f1e','alternative country'),('71c2d449fefb244bfde47c2f35755f1e','country'),('d047b3c373daf906ca0cbc0121bcafb5','traditional'),('d047b3c373daf906ca0cbc0121bcafb5','contemporary country'),('d047b3c373daf906ca0cbc0121bcafb5','country'),('47e573e7a652a2c599ed7e705bd99611','pop'),('47e573e7a652a2c599ed7e705bd99611','dance pop'),('47e573e7a652a2c599ed7e705bd99611','western pop'),('bd0bd3f21d6cb4594e05ad70c66a64a5','pop'),('bd0bd3f21d6cb4594e05ad70c66a64a5','urban crossover: pop'),('bd0bd3f21d6cb4594e05ad70c66a64a5','western pop'),('01c6064005e4d88e90ef6092bdbaf9fe','pop'),('01c6064005e4d88e90ef6092bdbaf9fe','adult alternative pop'),('01c6064005e4d88e90ef6092bdbaf9fe','western pop'),('de523fa56a688ee8caf7f7bafa79c3ca','traditional'),('de523fa56a688ee8caf7f7bafa79c3ca','contemporary country'),('de523fa56a688ee8caf7f7bafa79c3ca','country'),('14c6d97acecf640db9f3de8ce3d32fd9','traditional'),('14c6d97acecf640db9f3de8ce3d32fd9','contemporary country'),('14c6d97acecf640db9f3de8ce3d32fd9','country'),('78b43e0e68c914f4ce35673a8c9b2e36','pop'),('78b43e0e68c914f4ce35673a8c9b2e36','teen boy band'),('78b43e0e68c914f4ce35673a8c9b2e36','western pop'),('aff5527216885396d359046e99b8f61a','pop'),('aff5527216885396d359046e99b8f61a','dance pop'),('aff5527216885396d359046e99b8f61a','western pop'),('c935554731420565fd3beee3451d71a4','urban'),('c935554731420565fd3beee3451d71a4','neo-soul'),('c935554731420565fd3beee3451d71a4','contemporary r&b/soul'),('eab70829310777732681904d94480d6d','traditional'),('eab70829310777732681904d94480d6d','contemporary country'),('eab70829310777732681904d94480d6d','country'),('f9dac155134f07a4716a04b137543b97','traditional'),('f9dac155134f07a4716a04b137543b97','contemporary country'),('f9dac155134f07a4716a04b137543b97','country'),('6115aceb492d7b929d2bf0f9a07e3adc','traditional'),('6115aceb492d7b929d2bf0f9a07e3adc','contemporary country'),('6115aceb492d7b929d2bf0f9a07e3adc','country'),('5c4a8a42f5d1c60632a2f0ec3bb36d66','traditional'),('5c4a8a42f5d1c60632a2f0ec3bb36d66','contemporary country'),('5c4a8a42f5d1c60632a2f0ec3bb36d66','country'),('afd6202b59c4267a7cc2fd6cb9aa3529','pop'),('afd6202b59c4267a7cc2fd6cb9aa3529','teen pop'),('afd6202b59c4267a7cc2fd6cb9aa3529','western pop'),('f410eb4b859fcaeb9325ebffd4865f73','other'),('f410eb4b859fcaeb9325ebffd4865f73','general latin pop'),('f410eb4b859fcaeb9325ebffd4865f73','latin pop'),('f5c41f62f774053cda421939fb8b1b49','pop'),('f5c41f62f774053cda421939fb8b1b49','teen pop'),('f5c41f62f774053cda421939fb8b1b49','western pop'),('dd8536deaf508364a35ae42dde7ad033','pop'),('dd8536deaf508364a35ae42dde7ad033','teen pop'),('dd8536deaf508364a35ae42dde7ad033','western pop'),('e5c7cd051aef0e578400ba5357637964','traditional'),('e5c7cd051aef0e578400ba5357637964','contemporary country'),('e5c7cd051aef0e578400ba5357637964','country'),('d5f49138ea5add29c30e8907dc3dd9e0','pop'),('d5f49138ea5add29c30e8907dc3dd9e0','teen pop'),('d5f49138ea5add29c30e8907dc3dd9e0','western pop'),('67bf4ee07e584bf782330ff99fb3ac44','traditional'),('67bf4ee07e584bf782330ff99fb3ac44','alternative country'),('67bf4ee07e584bf782330ff99fb3ac44','country'),('d4df000a94b2519482deb4fe752fac0f','traditional'),('d4df000a94b2519482deb4fe752fac0f','contemporary country'),('d4df000a94b2519482deb4fe752fac0f','country'),('aac4a0fb5213fabb375fecb9f048580d','electronica'),('aac4a0fb5213fabb375fecb9f048580d','trance'),('aac4a0fb5213fabb375fecb9f048580d','trance'),('ea0093d1b5cd5c7f19cde269cc3fd4b4','traditional'),('ea0093d1b5cd5c7f19cde269cc3fd4b4','contemporary country'),('ea0093d1b5cd5c7f19cde269cc3fd4b4','country'),('299b47e2b38221b4bc46c3738cb77389','traditional'),('299b47e2b38221b4bc46c3738cb77389','contemporary country'),('299b47e2b38221b4bc46c3738cb77389','country'),('1b67611d1bf3619e5684fcab921a353f','traditional'),('1b67611d1bf3619e5684fcab921a353f','contemporary country'),('1b67611d1bf3619e5684fcab921a353f','country'),('579c3191575a71f403a2e6e692cca001','traditional'),('579c3191575a71f403a2e6e692cca001','alternative country'),('579c3191575a71f403a2e6e692cca001','country'),('450d5fbf88ca8718e5ac1263b51ceac5','pop'),('450d5fbf88ca8718e5ac1263b51ceac5','adult alternative pop'),('450d5fbf88ca8718e5ac1263b51ceac5','western pop'),('9f9b50da561df139de082c9ee63cda62','pop'),('9f9b50da561df139de082c9ee63cda62','teen boy band'),('9f9b50da561df139de082c9ee63cda62','western pop'),('20626b385de37804ed1970f045685574','electronica'),('20626b385de37804ed1970f045685574','dubstep'),('20626b385de37804ed1970f045685574','dubstep'),('9d0d5f011238c7d4c2b7c19c720c097c','pop'),('9d0d5f011238c7d4c2b7c19c720c097c','dance pop'),('9d0d5f011238c7d4c2b7c19c720c097c','western pop'),('7c3a95bb5f27d7f667ae0015b126bd54','pop'),('7c3a95bb5f27d7f667ae0015b126bd54','teen pop'),('7c3a95bb5f27d7f667ae0015b126bd54','western pop'),('1a5bb12496b3cf53a08d88436070521a','urban'),('1a5bb12496b3cf53a08d88436070521a','conscious hip-hop/rap'),('1a5bb12496b3cf53a08d88436070521a','western hip-hop/rap'),('f801b6a27a2003848c2d39b8aedc23e0','electronica'),('f801b6a27a2003848c2d39b8aedc23e0','ethno-lounge electronica'),('f801b6a27a2003848c2d39b8aedc23e0','electronica fusion'),('8858e2468d195d728c61369a3d1da838','traditional'),('8858e2468d195d728c61369a3d1da838','contemporary country'),('8858e2468d195d728c61369a3d1da838','country'),('7bbeed08c1c6da2973f0f8eeb86d70ac','traditional'),('7bbeed08c1c6da2973f0f8eeb86d70ac','contemporary country'),('7bbeed08c1c6da2973f0f8eeb86d70ac','country'),('cafae0c4286f0e131243bbf939bbb30d','alternative & punk'),('cafae0c4286f0e131243bbf939bbb30d','general punk'),('cafae0c4286f0e131243bbf939bbb30d','punk'),('21d006c6dbeb1f7963df700b104429d8','urban'),('21d006c6dbeb1f7963df700b104429d8','neo-soul'),('21d006c6dbeb1f7963df700b104429d8','contemporary r&b/soul'),('2471603a6eb1976db4100885944c584a','rock'),('2471603a6eb1976db4100885944c584a','heavy metal'),('2471603a6eb1976db4100885944c584a','metal'),('52f881e1b93f19c8d8140ffb9b476e00','urban'),('52f881e1b93f19c8d8140ffb9b476e00','neo-soul'),('52f881e1b93f19c8d8140ffb9b476e00','contemporary r&b/soul'),('8dcf6badb55a8de90b95cc8f898db720','pop'),('8dcf6badb55a8de90b95cc8f898db720','dance pop'),('8dcf6badb55a8de90b95cc8f898db720','western pop'),('4031d41bab6d4b167b0d1ea69083c854','traditional'),('4031d41bab6d4b167b0d1ea69083c854','contemporary country'),('4031d41bab6d4b167b0d1ea69083c854','country'),('60942cf0a3bbb9a00b28ecf028eda984','pop'),('60942cf0a3bbb9a00b28ecf028eda984','pop vocal'),('60942cf0a3bbb9a00b28ecf028eda984','western pop'),('ea158567176585b5c44f3d24f08a489d','pop'),('ea158567176585b5c44f3d24f08a489d','urban crossover: pop'),('ea158567176585b5c44f3d24f08a489d','western pop'),('e0b7b007734547fb3a550d156fbfac8a','pop'),('e0b7b007734547fb3a550d156fbfac8a','urban crossover: pop'),('e0b7b007734547fb3a550d156fbfac8a','western pop'),('4c814aa29d279f7df6f1d020a1e380f8','pop'),('4c814aa29d279f7df6f1d020a1e380f8','pop vocal'),('4c814aa29d279f7df6f1d020a1e380f8','western pop'),('38b9802d83bf0870b985cbef9087c9a1','traditional'),('38b9802d83bf0870b985cbef9087c9a1','contemporary country'),('38b9802d83bf0870b985cbef9087c9a1','country'),('b9da2ff4de5bff86159134fdbcbbafeb','traditional'),('b9da2ff4de5bff86159134fdbcbbafeb','contemporary country'),('b9da2ff4de5bff86159134fdbcbbafeb','country'),('5495404d0c8d3c330618d82663ac82a1','traditional'),('5495404d0c8d3c330618d82663ac82a1','contemporary country'),('5495404d0c8d3c330618d82663ac82a1','country'),('56971f9da9594a4469b4576bc72986bd','urban'),('56971f9da9594a4469b4576bc72986bd','neo-soul'),('56971f9da9594a4469b4576bc72986bd','contemporary r&b/soul'),('ae963794c157e726a49378014fc046fb','traditional'),('ae963794c157e726a49378014fc046fb','contemporary country'),('ae963794c157e726a49378014fc046fb','country'),('3dc3b8460966e2145bd7599609e1bf5c','soundtrack'),('3dc3b8460966e2145bd7599609e1bf5c','general film music'),('3dc3b8460966e2145bd7599609e1bf5c','original film/tv music'),('1500fcf456398cf0ff98eb4320b0ad0e','traditional'),('1500fcf456398cf0ff98eb4320b0ad0e','contemporary country'),('1500fcf456398cf0ff98eb4320b0ad0e','country'),('5ce6177084c7b3397af21138091348bd','electronica'),('5ce6177084c7b3397af21138091348bd','general house'),('5ce6177084c7b3397af21138091348bd','house'),('c2962280b644513257ef01c8f9a618ad','pop'),('c2962280b644513257ef01c8f9a618ad','adult alternative pop'),('c2962280b644513257ef01c8f9a618ad','western pop'),('38898e5a1dad9cb9cd045e7feefea35e','alternative & punk'),('38898e5a1dad9cb9cd045e7feefea35e','emo'),('38898e5a1dad9cb9cd045e7feefea35e','emo & hardcore'),('e5127bbd9dbf039c1e7417ff5e304217','traditional'),('e5127bbd9dbf039c1e7417ff5e304217','contemporary country'),('e5127bbd9dbf039c1e7417ff5e304217','country'),('4901cd4fe9426ac8353d205acc719d4c','pop'),('4901cd4fe9426ac8353d205acc719d4c','adult alternative pop'),('4901cd4fe9426ac8353d205acc719d4c','western pop'),('2227a9edcdb566337c4f049df929298d','traditional'),('2227a9edcdb566337c4f049df929298d','contemporary country'),('2227a9edcdb566337c4f049df929298d','country'),('59966f6e65342e649c0ac59e09652176','traditional'),('59966f6e65342e649c0ac59e09652176','contemporary country'),('59966f6e65342e649c0ac59e09652176','country'),('46192a8dfbe22429c64ab3d23554694a','rock'),('46192a8dfbe22429c64ab3d23554694a','nu-metal'),('46192a8dfbe22429c64ab3d23554694a','metal'),('805c7d5ede2916281633a7421874b3d3','rock'),('805c7d5ede2916281633a7421874b3d3','adult alternative rock'),('805c7d5ede2916281633a7421874b3d3','adult alternative rock'),('b67e2152e60108792e7f8688afe0efba','urban'),('b67e2152e60108792e7f8688afe0efba','conscious hip-hop/rap'),('b67e2152e60108792e7f8688afe0efba','western hip-hop/rap'),('4e7425b317af3f765e8c48acf511c0d3','other'),('4e7425b317af3f765e8c48acf511c0d3','general latin pop'),('4e7425b317af3f765e8c48acf511c0d3','latin pop'),('920b03ae4df4a59fdda63a92d8ab048c','traditional'),('920b03ae4df4a59fdda63a92d8ab048c','contemporary country'),('920b03ae4df4a59fdda63a92d8ab048c','country'),('85408490bc6677a1a0212849f7361f51','alternative & punk'),('85408490bc6677a1a0212849f7361f51','indie pop'),('85408490bc6677a1a0212849f7361f51','indie rock'),('724dee86aed8b362d269d69bc0594fc5','pop'),('724dee86aed8b362d269d69bc0594fc5','adult alternative pop'),('724dee86aed8b362d269d69bc0594fc5','western pop'),('6ba33cc116c85644f36da0efdc06656b','pop'),('6ba33cc116c85644f36da0efdc06656b','urban crossover: pop'),('6ba33cc116c85644f36da0efdc06656b','western pop'),('48f65c8ac85bb37035da896d7daf9271','traditional'),('48f65c8ac85bb37035da896d7daf9271','contemporary country'),('48f65c8ac85bb37035da896d7daf9271','country'),('2cc3928a3f6737950c33da7333a5e7c4','urban'),('2cc3928a3f6737950c33da7333a5e7c4','neo-soul'),('2cc3928a3f6737950c33da7333a5e7c4','contemporary r&b/soul'),('0580fc86e15b33ab7fc65d698e41c4a0','urban'),('0580fc86e15b33ab7fc65d698e41c4a0','general hip-hop/rap'),('0580fc86e15b33ab7fc65d698e41c4a0','western hip-hop/rap'),('91ddd77ee22ed2aa92c1b967f3acb240','traditional'),('91ddd77ee22ed2aa92c1b967f3acb240','contemporary country'),('91ddd77ee22ed2aa92c1b967f3acb240','country'),('ea30caa673cd1a3adce7be38db0670af','pop'),('ea30caa673cd1a3adce7be38db0670af','urban crossover: pop'),('ea30caa673cd1a3adce7be38db0670af','western pop'),('7bd551f718a30ad00d91ff87227c8096','traditional'),('7bd551f718a30ad00d91ff87227c8096','contemporary country'),('7bd551f718a30ad00d91ff87227c8096','country'),('c4442df034d54cf09c9c6189295c6878','pop'),('c4442df034d54cf09c9c6189295c6878','dance pop'),('c4442df034d54cf09c9c6189295c6878','western pop'),('d5464825ed438c55edf63b190f9890f6','pop'),('d5464825ed438c55edf63b190f9890f6','teen pop'),('d5464825ed438c55edf63b190f9890f6','western pop'),('28bcaec8daa400e2aa03cf4f84c9c165','traditional'),('28bcaec8daa400e2aa03cf4f84c9c165','contemporary country'),('28bcaec8daa400e2aa03cf4f84c9c165','country'),('7232b8c416e165ea4f77d11dd61268a0','pop'),('7232b8c416e165ea4f77d11dd61268a0','adult alternative pop'),('7232b8c416e165ea4f77d11dd61268a0','western pop'),('8497b0359f0a5f37be7eae523a372cb6','traditional'),('8497b0359f0a5f37be7eae523a372cb6','contemporary country'),('8497b0359f0a5f37be7eae523a372cb6','country'),('aa127c8451ea5bed9d73efe56ec50a64','urban'),('aa127c8451ea5bed9d73efe56ec50a64','southern rap'),('aa127c8451ea5bed9d73efe56ec50a64','western hip-hop/rap'),('8c7ea88d070ae79399c482e6cf80f56b','traditional'),('8c7ea88d070ae79399c482e6cf80f56b','contemporary country'),('8c7ea88d070ae79399c482e6cf80f56b','country');
/*!40000 ALTER TABLE `genre` ENABLE KEYS */;
UNLOCK TABLES;

--
-- Table structure for table `mood`
--

DROP TABLE IF EXISTS `mood`;
/*!40101 SET @saved_cs_client     = @@character_set_client */;
/*!40101 SET character_set_client = utf8 */;
CREATE TABLE `mood` (
  `track_id` char(32) COLLATE utf8mb4_unicode_ci DEFAULT NULL,
  `mood` char(50) COLLATE utf8mb4_unicode_ci DEFAULT NULL,
  KEY `track_id` (`track_id`),
  CONSTRAINT `mood_ibfk_1` FOREIGN KEY (`track_id`) REFERENCES `track` (`track_id`)
) ENGINE=InnoDB DEFAULT CHARSET=utf8mb4 COLLATE=utf8mb4_unicode_ci;
/*!40101 SET character_set_client = @saved_cs_client */;

--
-- Dumping data for table `mood`
--

LOCK TABLES `mood` WRITE;
/*!40000 ALTER TABLE `mood` DISABLE KEYS */;
INSERT INTO `mood` VALUES ('18aab1698664dd5c9ed81c3c32eac809','cool'),('18aab1698664dd5c9ed81c3c32eac809','wary / defiant'),('3c7b6987bb2e66ac8f3c0c10a0130518','empowering'),('3c7b6987bb2e66ac8f3c0c10a0130518','dramatic emotion'),('6f9c85e9bb22795f317ad8c6a97d4922','cool'),('6f9c85e9bb22795f317ad8c6a97d4922','cool confidence'),('bf794d135b5a7c41542a65e6e13262d3','cool'),('bf794d135b5a7c41542a65e6e13262d3','wary / defiant'),('606d2f43781119993f90f1f4cc522871','cool'),('606d2f43781119993f90f1f4cc522871','wary / defiant'),('e3d64c16949ca20548118cf05798de16','energizing'),('e3d64c16949ca20548118cf05798de16','edgy / sexy'),('a7a937fa9755d13d7b14560979bb615c','sensual'),('a7a937fa9755d13d7b14560979bb615c','intimate'),('b28f5e1149c65ade0d6b0e86950535a2','sophisticated'),('b28f5e1149c65ade0d6b0e86950535a2','smoky / romantic'),('d8cfb2bc3a748a4fa66c2aab2944147b','sensual'),('d8cfb2bc3a748a4fa66c2aab2944147b','dreamy pulse'),('ccd9ef7855a1d37470c6001e5692ef5c','aggressive'),('ccd9ef7855a1d37470c6001e5692ef5c','dark hard beat'),('1106f8ab3ebfa9318c5da72fb92e8b14','upbeat'),('1106f8ab3ebfa9318c5da72fb92e8b14','happy / soulful'),('71c2d449fefb244bfde47c2f35755f1e','empowering'),('71c2d449fefb244bfde47c2f35755f1e','strong / stable'),('d047b3c373daf906ca0cbc0121bcafb5','empowering'),('d047b3c373daf906ca0cbc0121bcafb5','strong / stable'),('47e573e7a652a2c599ed7e705bd99611','empowering'),('47e573e7a652a2c599ed7e705bd99611','dramatic emotion'),('bd0bd3f21d6cb4594e05ad70c66a64a5','cool'),('bd0bd3f21d6cb4594e05ad70c66a64a5','wary / defiant'),('01c6064005e4d88e90ef6092bdbaf9fe','excited'),('01c6064005e4d88e90ef6092bdbaf9fe','euphoric energy'),('de523fa56a688ee8caf7f7bafa79c3ca','urgent'),('de523fa56a688ee8caf7f7bafa79c3ca','dark pop intensity'),('78b43e0e68c914f4ce35673a8c9b2e36','excited'),('78b43e0e68c914f4ce35673a8c9b2e36','euphoric energy'),('aff5527216885396d359046e99b8f61a','sensual'),('aff5527216885396d359046e99b8f61a','intimate'),('c935554731420565fd3beee3451d71a4','excited'),('c935554731420565fd3beee3451d71a4','euphoric energy'),('eab70829310777732681904d94480d6d','yearning'),('eab70829310777732681904d94480d6d','sensitive / exploring'),('f9dac155134f07a4716a04b137543b97','upbeat'),('f9dac155134f07a4716a04b137543b97','happy / soulful'),('6115aceb492d7b929d2bf0f9a07e3adc','empowering'),('6115aceb492d7b929d2bf0f9a07e3adc','dramatic emotion'),('5c4a8a42f5d1c60632a2f0ec3bb36d66','brooding'),('5c4a8a42f5d1c60632a2f0ec3bb36d66','dreamy brooding'),('afd6202b59c4267a7cc2fd6cb9aa3529','cool'),('afd6202b59c4267a7cc2fd6cb9aa3529','casual groove'),('f410eb4b859fcaeb9325ebffd4865f73','energizing'),('f410eb4b859fcaeb9325ebffd4865f73','edgy / sexy'),('f5c41f62f774053cda421939fb8b1b49','yearning'),('f5c41f62f774053cda421939fb8b1b49','energetic yearning'),('dd8536deaf508364a35ae42dde7ad033','energizing'),('dd8536deaf508364a35ae42dde7ad033','edgy / sexy'),('d5f49138ea5add29c30e8907dc3dd9e0','rowdy'),('d5f49138ea5add29c30e8907dc3dd9e0','ramshackle / rollicking'),('67bf4ee07e584bf782330ff99fb3ac44','melancholy'),('67bf4ee07e584bf782330ff99fb3ac44','sad / soulful'),('d4df000a94b2519482deb4fe752fac0f','defiant'),('d4df000a94b2519482deb4fe752fac0f','heavy brooding'),('aac4a0fb5213fabb375fecb9f048580d','sensual'),('aac4a0fb5213fabb375fecb9f048580d','dreamy pulse'),('ea0093d1b5cd5c7f19cde269cc3fd4b4','empowering'),('ea0093d1b5cd5c7f19cde269cc3fd4b4','strong / stable'),('1b67611d1bf3619e5684fcab921a353f','yearning'),('1b67611d1bf3619e5684fcab921a353f','sensitive / exploring'),('579c3191575a71f403a2e6e692cca001','empowering'),('579c3191575a71f403a2e6e692cca001','strong / stable'),('450d5fbf88ca8718e5ac1263b51ceac5','energizing'),('450d5fbf88ca8718e5ac1263b51ceac5','edgy / sexy'),('20626b385de37804ed1970f045685574','excited'),('20626b385de37804ed1970f045685574','euphoric energy'),('9d0d5f011238c7d4c2b7c19c720c097c','sensual'),('9d0d5f011238c7d4c2b7c19c720c097c','intimate'),('7c3a95bb5f27d7f667ae0015b126bd54','urgent'),('7c3a95bb5f27d7f667ae0015b126bd54','dark pop'),('1a5bb12496b3cf53a08d88436070521a','defiant'),('1a5bb12496b3cf53a08d88436070521a','attitude / defiant'),('f801b6a27a2003848c2d39b8aedc23e0','sensual'),('f801b6a27a2003848c2d39b8aedc23e0','intimate'),('8858e2468d195d728c61369a3d1da838','empowering'),('8858e2468d195d728c61369a3d1da838','strong / stable'),('7bbeed08c1c6da2973f0f8eeb86d70ac','yearning'),('7bbeed08c1c6da2973f0f8eeb86d70ac','sensitive / exploring'),('cafae0c4286f0e131243bbf939bbb30d','fiery'),('cafae0c4286f0e131243bbf939bbb30d','fiery groove'),('21d006c6dbeb1f7963df700b104429d8','cool'),('21d006c6dbeb1f7963df700b104429d8','wary / defiant'),('2471603a6eb1976db4100885944c584a','defiant'),('2471603a6eb1976db4100885944c584a','heavy brooding'),('52f881e1b93f19c8d8140ffb9b476e00','sensual'),('52f881e1b93f19c8d8140ffb9b476e00','intimate'),('8dcf6badb55a8de90b95cc8f898db720','energizing'),('8dcf6badb55a8de90b95cc8f898db720','abstract beat'),('4031d41bab6d4b167b0d1ea69083c854','empowering'),('4031d41bab6d4b167b0d1ea69083c854','strong / stable'),('ea158567176585b5c44f3d24f08a489d','cool'),('ea158567176585b5c44f3d24f08a489d','casual groove'),('e0b7b007734547fb3a550d156fbfac8a','energizing'),('e0b7b007734547fb3a550d156fbfac8a','edgy / sexy'),('4c814aa29d279f7df6f1d020a1e380f8','excited'),('4c814aa29d279f7df6f1d020a1e380f8','euphoric energy'),('38b9802d83bf0870b985cbef9087c9a1','upbeat'),('38b9802d83bf0870b985cbef9087c9a1','happy / soulful'),('b9da2ff4de5bff86159134fdbcbbafeb','romantic'),('b9da2ff4de5bff86159134fdbcbbafeb','heartfelt passion'),('5495404d0c8d3c330618d82663ac82a1','empowering'),('5495404d0c8d3c330618d82663ac82a1','dramatic emotion'),('56971f9da9594a4469b4576bc72986bd','empowering'),('56971f9da9594a4469b4576bc72986bd','dramatic emotion'),('ae963794c157e726a49378014fc046fb','brooding'),('ae963794c157e726a49378014fc046fb','energetic melancholy'),('1500fcf456398cf0ff98eb4320b0ad0e','yearning'),('1500fcf456398cf0ff98eb4320b0ad0e','sensitive / exploring'),('5ce6177084c7b3397af21138091348bd','sensual'),('5ce6177084c7b3397af21138091348bd','intimate'),('c2962280b644513257ef01c8f9a618ad','brooding'),('c2962280b644513257ef01c8f9a618ad','energetic melancholy'),('38898e5a1dad9cb9cd045e7feefea35e','excited'),('38898e5a1dad9cb9cd045e7feefea35e','euphoric energy'),('e5127bbd9dbf039c1e7417ff5e304217','empowering'),('e5127bbd9dbf039c1e7417ff5e304217','dramatic emotion'),('4901cd4fe9426ac8353d205acc719d4c','yearning'),('4901cd4fe9426ac8353d205acc719d4c','sensitive / exploring'),('2227a9edcdb566337c4f049df929298d','melancholy'),('2227a9edcdb566337c4f049df929298d','light melancholy'),('59966f6e65342e649c0ac59e09652176','yearning'),('59966f6e65342e649c0ac59e09652176','energetic yearning'),('46192a8dfbe22429c64ab3d23554694a','sentimental'),('46192a8dfbe22429c64ab3d23554694a','tender / sincere'),('805c7d5ede2916281633a7421874b3d3','yearning'),('805c7d5ede2916281633a7421874b3d3','energetic yearning'),('b67e2152e60108792e7f8688afe0efba','yearning'),('b67e2152e60108792e7f8688afe0efba','energetic yearning'),('920b03ae4df4a59fdda63a92d8ab048c','yearning'),('920b03ae4df4a59fdda63a92d8ab048c','sensitive / exploring'),('724dee86aed8b362d269d69bc0594fc5','empowering'),('724dee86aed8b362d269d69bc0594fc5','dramatic emotion'),('6ba33cc116c85644f36da0efdc06656b','empowering'),('6ba33cc116c85644f36da0efdc06656b','dramatic emotion'),('48f65c8ac85bb37035da896d7daf9271','yearning'),('48f65c8ac85bb37035da896d7daf9271','sensitive / exploring'),('2cc3928a3f6737950c33da7333a5e7c4','cool'),('2cc3928a3f6737950c33da7333a5e7c4','wary / defiant'),('0580fc86e15b33ab7fc65d698e41c4a0','defiant'),('0580fc86e15b33ab7fc65d698e41c4a0','attitude / defiant'),('91ddd77ee22ed2aa92c1b967f3acb240','empowering'),('91ddd77ee22ed2aa92c1b967f3acb240','powerful / heroic'),('ea30caa673cd1a3adce7be38db0670af','urgent'),('ea30caa673cd1a3adce7be38db0670af','dark pop intensity'),('7bd551f718a30ad00d91ff87227c8096','empowering'),('7bd551f718a30ad00d91ff87227c8096','dramatic emotion'),('c4442df034d54cf09c9c6189295c6878','yearning'),('c4442df034d54cf09c9c6189295c6878','energetic yearning'),('d5464825ed438c55edf63b190f9890f6','sentimental'),('d5464825ed438c55edf63b190f9890f6','tender / sincere'),('28bcaec8daa400e2aa03cf4f84c9c165','gritty'),('28bcaec8daa400e2aa03cf4f84c9c165','sober / determined'),('7232b8c416e165ea4f77d11dd61268a0','yearning'),('7232b8c416e165ea4f77d11dd61268a0','energetic yearning'),('aa127c8451ea5bed9d73efe56ec50a64','energizing'),('aa127c8451ea5bed9d73efe56ec50a64','abstract beat'),('8c7ea88d070ae79399c482e6cf80f56b','sensual'),('8c7ea88d070ae79399c482e6cf80f56b','soft soulful');
/*!40000 ALTER TABLE `mood` ENABLE KEYS */;
UNLOCK TABLES;

--
-- Table structure for table `purchase`
--

DROP TABLE IF EXISTS `purchase`;
/*!40101 SET @saved_cs_client     = @@character_set_client */;
/*!40101 SET character_set_client = utf8 */;
CREATE TABLE `purchase` (
  `purchase_id` char(32) COLLATE utf8mb4_unicode_ci DEFAULT NULL,
  `uname` char(10) COLLATE utf8mb4_unicode_ci DEFAULT NULL,
  `date` datetime DEFAULT NULL,
  `track_id` char(32) COLLATE utf8mb4_unicode_ci DEFAULT NULL,
  KEY `uname` (`uname`),
  CONSTRAINT `purchase_ibfk_1` FOREIGN KEY (`uname`) REFERENCES `user` (`uname`)
) ENGINE=InnoDB DEFAULT CHARSET=utf8mb4 COLLATE=utf8mb4_unicode_ci;
/*!40101 SET character_set_client = @saved_cs_client */;

--
-- Dumping data for table `purchase`
--

LOCK TABLES `purchase` WRITE;
/*!40000 ALTER TABLE `purchase` DISABLE KEYS */;
/*!40000 ALTER TABLE `purchase` ENABLE KEYS */;
UNLOCK TABLES;

--
-- Table structure for table `track`
--

DROP TABLE IF EXISTS `track`;
/*!40101 SET @saved_cs_client     = @@character_set_client */;
/*!40101 SET character_set_client = utf8 */;
CREATE TABLE `track` (
  `track_id` char(32) COLLATE utf8mb4_unicode_ci NOT NULL,
  `album_id` char(32) COLLATE utf8mb4_unicode_ci DEFAULT NULL,
  `track_name` char(20) COLLATE utf8mb4_unicode_ci DEFAULT NULL,
  `track_no` int(3) DEFAULT NULL,
  `length` char(5) COLLATE utf8mb4_unicode_ci DEFAULT NULL,
  `price` char(5) COLLATE utf8mb4_unicode_ci DEFAULT NULL,
  PRIMARY KEY (`track_id`),
  KEY `album_id` (`album_id`),
  CONSTRAINT `track_ibfk_1` FOREIGN KEY (`album_id`) REFERENCES `album` (`album_id`)
) ENGINE=InnoDB DEFAULT CHARSET=utf8mb4 COLLATE=utf8mb4_unicode_ci;
/*!40101 SET character_set_client = @saved_cs_client */;

--
-- Dumping data for table `track`
--

LOCK TABLES `track` WRITE;
/*!40000 ALTER TABLE `track` DISABLE KEYS */;
INSERT INTO `track` VALUES ('01c6064005e4d88e90ef6092bdbaf9fe','a438f6d33dfcb708bebc7ab75a6275e5','Love So Soft',1,'5:8','2.81'),('0580fc86e15b33ab7fc65d698e41c4a0','d010c6e6758b0e55a71373351af07758','Bodak Yellow',1,'5:31','1.27'),('1106f8ab3ebfa9318c5da72fb92e8b14','31256197c48e4f6ba00b28de69046f19','What Ifs',2,'4:17','1.89'),('14c6d97acecf640db9f3de8ce3d32fd9','a39648063829bd056c5fd4b042c2cb38','When It Rains It Pou',8,'5:45','2.79'),('1500fcf456398cf0ff98eb4320b0ad0e','021c028657e4943493a0ee3290590b54','The Long Way',3,'5:59','1.69'),('18aab1698664dd5c9ed81c3c32eac809','18aab1698664dd5c9ed81c3c32eac809','Gorgeous',1,'4:11','1.29'),('1a5bb12496b3cf53a08d88436070521a','1a5bb12496b3cf53a08d88436070521a','Glorious',1,'5:16','1.55'),('1b67611d1bf3619e5684fcab921a353f','e1f58ff18683cd69b651c3b17d77249a','Ill Name The Dogs',1,'5:27','1.33'),('20626b385de37804ed1970f045685574','7db16e49773ea26201b29bed4c9ecc60','Something Just Like',1,'6:49','2.53'),('21d006c6dbeb1f7963df700b104429d8','21d006c6dbeb1f7963df700b104429d8','Human',1,'4:23','2.85'),('2227a9edcdb566337c4f049df929298d','1d148e534805032734f2091b2f6b96be','Tin Man',1,'6:0','2.55'),('2471603a6eb1976db4100885944c584a','385157894b257aa2a90cecc828c7e22e','From Dusk Till Dawn',7,'5:52','1.37'),('28bcaec8daa400e2aa03cf4f84c9c165','1e31b4c7259ddb6eead574cab47cfd2f','Round Here Buzz',6,'2:36','1.29'),('299b47e2b38221b4bc46c3738cb77389','a7b3d00b237dc090fabc84c7f130bce4','You Broke Up With Me',1,'5:15','1.57'),('2cc3928a3f6737950c33da7333a5e7c4','a713268bb69222ed0b00d5e40c6bf385','Location',3,'4:41','2.57'),('38898e5a1dad9cb9cd045e7feefea35e','7162d4583cb65da1c879df3932d18fad','Walk On Water',1,'3:21','1.11'),('38b9802d83bf0870b985cbef9087c9a1','2c4387d7e199db6b82eb309e5d59a03c','Small Town Boy',3,'4:51','2.39'),('3c7b6987bb2e66ac8f3c0c10a0130518','d773e325abc2470eb1dbe7d5c830b406','Perfect',5,'2:4','2.87'),('3dc3b8460966e2145bd7599609e1bf5c','3844a3f3d997722dab555f99e306e25a','Jump Up, Super Star!',1,'5:5','2.11'),('4031d41bab6d4b167b0d1ea69083c854','56f56b8386601521b263d31ad66f6319','In Case You Didnt Kn',4,'6:43','0.99'),('41ebd43b9c4b4a75e862173ab6f21e16','04c1e01b86564a1af6319bdb9f3cdc0c','Thunder',9,'2:59','2.77'),('450d5fbf88ca8718e5ac1263b51ceac5','d773e325abc2470eb1dbe7d5c830b406','Shape Of You',4,'3:51','2.39'),('46192a8dfbe22429c64ab3d23554694a','018223d63ba6306d89f4efe5ff98f0d6','The Sound Of Silence',11,'5:39','2.41'),('47e573e7a652a2c599ed7e705bd99611','2c89863e2a6bd641bceaa2f0eac59e68','Praying',5,'6:9','2.37'),('48f65c8ac85bb37035da896d7daf9271','5c4a8a42f5d1c60632a2f0ec3bb36d66','Shes Got a Way',6,'5:19','1.99'),('4901cd4fe9426ac8353d205acc719d4c','d773e325abc2470eb1dbe7d5c830b406','Galway Girl',6,'5:39','1.39'),('4c814aa29d279f7df6f1d020a1e380f8','4c814aa29d279f7df6f1d020a1e380f8','Let Me Go',1,'4:1','2.13'),('4e7425b317af3f765e8c48acf511c0d3','01c25e7712498168834c81cfbea6616e','Despacito',1,'5:15','2.53'),('52f881e1b93f19c8d8140ffb9b476e00','0d0701bfefb5e2fdec4be3646451ffa7','Rockstar',1,'2:38','2.71'),('5495404d0c8d3c330618d82663ac82a1','496dc652bb5e0264831e81268a8ede21','Smooth',1,'3:9','1.97'),('56971f9da9594a4469b4576bc72986bd','9c96289486fa0b4557a7074d94488f03','Rise Up',11,'3:56','1.15'),('579c3191575a71f403a2e6e692cca001','9a2487308837e20f5e54192aea08e4ba','Broken Halos',1,'5:5','2.13'),('59966f6e65342e649c0ac59e09652176','135173aa1e315393b489e4643bdc834d','Heartache On The Dan',9,'6:43','1.21'),('5c4a8a42f5d1c60632a2f0ec3bb36d66','5c4a8a42f5d1c60632a2f0ec3bb36d66','Losing Sleep',1,'4:2','2.75'),('5ce6177084c7b3397af21138091348bd','5ce6177084c7b3397af21138091348bd','No Promises',1,'5:44','2.07'),('606d2f43781119993f90f1f4cc522871','606d2f43781119993f90f1f4cc522871','What Lovers Do',1,'2:47','1.35'),('60942cf0a3bbb9a00b28ecf028eda984','0e1ee396f90d414ca0414ebe89927deb','Say You Wont Let Go',2,'5:56','2.07'),('6115aceb492d7b929d2bf0f9a07e3adc','6115aceb492d7b929d2bf0f9a07e3adc','Every Little Thing',3,'4:14','1.91'),('67bf4ee07e584bf782330ff99fb3ac44','d9b0c14bcd5acb28500a8e11f173203c','Tennessee Whiskey',3,'2:48','1.79'),('6ba33cc116c85644f36da0efdc06656b','e0b7b007734547fb3a550d156fbfac8a','Versace On The Floor',5,'4:14','1.67'),('6f9c85e9bb22795f317ad8c6a97d4922','c290352d3ed345f830e75e9551599f88','Havana',1,'6:41','2.59'),('71c2d449fefb244bfde47c2f35755f1e','43bb0fd20d155530a79d852f8353d43e','Millionaire',1,'5:34','2.25'),('7232b8c416e165ea4f77d11dd61268a0','be928d5dd8df573f107f2486409370cd','Meaning Of Life',1,'2:6','2.05'),('724dee86aed8b362d269d69bc0594fc5','8ef312ec83b5dc0fe6c3245f69e9d603','Thinking Out Loud',11,'2:54','1.35'),('78b43e0e68c914f4ce35673a8c9b2e36','b4c9a20f89d63e31c38cdb271be82e69','Bedroom Floor',1,'6:32','1.53'),('7bbeed08c1c6da2973f0f8eeb86d70ac','7bbeed08c1c6da2973f0f8eeb86d70ac','Yours',2,'5:33','1.77'),('7bd551f718a30ad00d91ff87227c8096','f41286761ebfe1fd95d202d612d41a90','I Could Use A Love S',4,'4:16','2.97'),('7c3a95bb5f27d7f667ae0015b126bd54','d5464825ed438c55edf63b190f9890f6','On The Loose',1,'5:31','1.47'),('805c7d5ede2916281633a7421874b3d3','81c8a8dcbd5315f5509913807f4a4655','Wish I Knew You',2,'2:55','1.39'),('8497b0359f0a5f37be7eae523a372cb6','31a983d75d19cc527e008750a8e6a739','For the First Time',1,'2:33','2.03'),('85408490bc6677a1a0212849f7361f51','04c1e01b86564a1af6319bdb9f3cdc0c','Whatever It Takes',2,'2:11','1.95'),('8858e2468d195d728c61369a3d1da838','8777992149900f78349626777b023c60','Wagon Wheel',3,'6:7','2.79'),('8c7ea88d070ae79399c482e6cf80f56b','595b1702b7e54f2edf22414318f005a6','Blue Aint Your Color',7,'5:39','1.03'),('8dcf6badb55a8de90b95cc8f898db720','c4442df034d54cf09c9c6189295c6878','Sorry Not Sorry',1,'3:42','1.97'),('91ddd77ee22ed2aa92c1b967f3acb240','6a5de9a6e8180cb0e003e083f3cbf393','Fix A Drink',5,'6:10','1.39'),('920b03ae4df4a59fdda63a92d8ab048c','920b03ae4df4a59fdda63a92d8ab048c','Up Down',1,'3:33','2.91'),('9d0d5f011238c7d4c2b7c19c720c097c','26edce8e754762277d3dc56aaa99cf7c','Meant to Be',6,'5:19','2.13'),('9f9b50da561df139de082c9ee63cda62','b6e23c341c41a8e8002e9b4974791907','Shabba feat. A$AP Ro',14,'6:26','2.83'),('a7a937fa9755d13d7b14560979bb615c','87a0bb06492b1af2fc236712cfc789a7','Bad At Love',10,'5:29','1.93'),('aa127c8451ea5bed9d73efe56ec50a64','0e5f7890dd69389bddebc5a96992720f','Butterfly Effect',1,'4:13','1.93'),('aac4a0fb5213fabb375fecb9f048580d','49f216aedfcabb8dbc1e6d39b1782e0d','Right in the Night',4,'4:40','1.63'),('ae963794c157e726a49378014fc046fb','ae963794c157e726a49378014fc046fb','Light It Up',1,'4:31','2.43'),('afd6202b59c4267a7cc2fd6cb9aa3529','d5464825ed438c55edf63b190f9890f6','Slow Hands',4,'3:37','2.87'),('aff5527216885396d359046e99b8f61a','4f0295a3551441f48fc7cacb6de449ee','New Rules',10,'6:19','0.99'),('b28f5e1149c65ade0d6b0e86950535a2','77454e56bf37984b4ac1945ea158401f','Too Good At Goodbyes',1,'3:55','2.75'),('b67e2152e60108792e7f8688afe0efba','b67e2152e60108792e7f8688afe0efba','Good Old Days',1,'5:53','1.25'),('b9da2ff4de5bff86159134fdbcbbafeb','d3eda3091dd4060db9dacf642c7e6494','Boy',1,'5:28','2.89'),('bd0bd3f21d6cb4594e05ad70c66a64a5','75e25b6e3489f7b953c557af552133cf','Strip That Down',1,'6:41','1.85'),('bf794d135b5a7c41542a65e6e13262d3','6897bceb70c52b485534686a695a7aa4','Feel It Still',4,'3:40','1.71'),('c2962280b644513257ef01c8f9a618ad','d773e325abc2470eb1dbe7d5c830b406','Castle On The Hill',2,'5:33','2.95'),('c4442df034d54cf09c9c6189295c6878','c4442df034d54cf09c9c6189295c6878','Tell Me You Love Me',2,'5:21','1.95'),('c935554731420565fd3beee3451d71a4','a713268bb69222ed0b00d5e40c6bf385','Young Dumb & Broke',2,'3:31','1.03'),('cafae0c4286f0e131243bbf939bbb30d','c27881f23a35f9eca194c75c2dfbe4a5','Renegade Silence',12,'6:44','1.97'),('ccd9ef7855a1d37470c6001e5692ef5c','92207f46d5efe4ebb5abff8fa86c8824','...Ready For It?',1,'3:15','1.09'),('d047b3c373daf906ca0cbc0121bcafb5','779de9fb463da74ebcb64d86ab094de1','Greatest Love Story',3,'5:18','2.33'),('d4df000a94b2519482deb4fe752fac0f','58cba6107b6949e554f4b03de52b7c72','I Wont Back Down',1,'5:1','2.01'),('d5464825ed438c55edf63b190f9890f6','d5464825ed438c55edf63b190f9890f6','Flicker',8,'3:9','1.89'),('d5f49138ea5add29c30e8907dc3dd9e0','07b951bc4bae142e34b7934b1d659ab7','Theres Nothing Holdi',1,'4:46','2.99'),('d8cfb2bc3a748a4fa66c2aab2944147b','702e31b445259b959f069a9bab6ca47e','What About Us',4,'3:23','1.69'),('dd8536deaf508364a35ae42dde7ad033','249b1746cf41f23919f6cfcd70e19ca9','How Long',1,'3:14','2.17'),('de523fa56a688ee8caf7f7bafa79c3ca','526b08653346d8eae0a8c482afcd2247','Miss Me More',2,'2:57','1.87'),('e0b7b007734547fb3a550d156fbfac8a','e0b7b007734547fb3a550d156fbfac8a','24K Magic',1,'4:52','1.85'),('e3d64c16949ca20548118cf05798de16','ed521648be1ed70ceb60b68de40e1ac0','Look What You Made M',1,'3:1','1.43'),('e5127bbd9dbf039c1e7417ff5e304217','0a4b761bd6fbe8daf1233996e6d5be6a','The Rest Of Our Life',1,'2:34','2.17'),('e5c7cd051aef0e578400ba5357637964','31a983d75d19cc527e008750a8e6a739','If I Told You',4,'4:54','1.89'),('ea0093d1b5cd5c7f19cde269cc3fd4b4','56f56b8386601521b263d31ad66f6319','Like I Loved You',3,'6:27','1.69'),('ea158567176585b5c44f3d24f08a489d','65840b9a47e98aa33b71e0ceee8f68d0','Cant Stop The Feelin',1,'4:27','2.35'),('ea30caa673cd1a3adce7be38db0670af','422b7b2c583ec4ea0a5cf22cb3451d14','Anywhere',1,'6:33','2.75'),('eab70829310777732681904d94480d6d','fa2f450ebd88e12cf4dd3fb4078a723d','Body Like A Back Roa',1,'6:8','1.09'),('f410eb4b859fcaeb9325ebffd4865f73','c5bb642e6cedacfb7582193f606144f3','Despacito',1,'2:43','1.19'),('f5c41f62f774053cda421939fb8b1b49','3a884c73431af2984c8230060dcc2a13','Attention',1,'3:23','1.93'),('f801b6a27a2003848c2d39b8aedc23e0','88b881cf46966d24d19ab155a05628f2','Mi Gente',1,'5:31','2.75'),('f9dac155134f07a4716a04b137543b97','8683032ac40be81ce5e9d2aa4027058a','Unforgettable',2,'4:36','2.77'),('fa14ef2f1292e01f9ea0b175eaa8d34a','04c1e01b86564a1af6319bdb9f3cdc0c','Believer',3,'6:58','2.67');
/*!40000 ALTER TABLE `track` ENABLE KEYS */;
UNLOCK TABLES;

--
-- Table structure for table `user`
--

DROP TABLE IF EXISTS `user`;
/*!40101 SET @saved_cs_client     = @@character_set_client */;
/*!40101 SET character_set_client = utf8 */;
CREATE TABLE `user` (
  `uname` char(10) COLLATE utf8mb4_unicode_ci NOT NULL,
  `pwd` char(128) COLLATE utf8mb4_unicode_ci DEFAULT NULL,
  `admin` bit(1) DEFAULT NULL,
  `email` char(32) COLLATE utf8mb4_unicode_ci DEFAULT NULL,
  `address` varchar(100) COLLATE utf8mb4_unicode_ci DEFAULT NULL,
  PRIMARY KEY (`uname`)
) ENGINE=InnoDB DEFAULT CHARSET=utf8mb4 COLLATE=utf8mb4_unicode_ci;
/*!40101 SET character_set_client = @saved_cs_client */;

--
-- Dumping data for table `user`
--

LOCK TABLES `user` WRITE;
/*!40000 ALTER TABLE `user` DISABLE KEYS */;
INSERT INTO `user` VALUES ('admin','92f39f7f2a869838cd5085e6f17fc82109bcf98cd62a47cbc379e38de80bbc0213a23cee6e4a13de6caae0add8a390272d6f0883c274320b1ff60dbcfc6dd750','','admin@admin.com','richardson'),('user','5a713f1ca006808b43ec4d12b35a2d95cf141832d3237b51ff5519ea7a016d125bbd9b4f500332e3e58701f53c0faffe97a9a4573fc6c4a8b4e965e0f6a4c15d','\0','user@user.com','richardson');
/*!40000 ALTER TABLE `user` ENABLE KEYS */;
UNLOCK TABLES;
/*!40103 SET TIME_ZONE=@OLD_TIME_ZONE */;

/*!40101 SET SQL_MODE=@OLD_SQL_MODE */;
/*!40014 SET FOREIGN_KEY_CHECKS=@OLD_FOREIGN_KEY_CHECKS */;
/*!40014 SET UNIQUE_CHECKS=@OLD_UNIQUE_CHECKS */;
/*!40101 SET CHARACTER_SET_CLIENT=@OLD_CHARACTER_SET_CLIENT */;
/*!40101 SET CHARACTER_SET_RESULTS=@OLD_CHARACTER_SET_RESULTS */;
/*!40101 SET COLLATION_CONNECTION=@OLD_COLLATION_CONNECTION */;
/*!40111 SET SQL_NOTES=@OLD_SQL_NOTES */;

-- Dump completed on 2017-11-19 12:28:45
